id,strategy_name,series_ticker,side,entry_price,exit_price,quantity,entry_fee,exit_fee,spread_paid,pnl,net_pnl,entry_time,exit_time,exit_reason,status,confidence,predicted_fair_value,edge_cents,kalshi_order_id
502,crypto_intel_prod,KXSOL15M,yes,0.1300,,3,0.0,0,0.005,0.00,0.00,2026-05-17 13:10:15.643155-07,2026-05-17 13:25:15.643155-07,recovered_from_kalshi_api,closed,0.4,0.1786,4.9,10115de7-b14f-4e15-83e6-f74e83a9d681
525,crypto_intel_prod,KXBTC15M,no,0.6100,1.0000,1,0,0,0.005,0.39,0.39,2026-05-17 13:18:04.025623-07,2026-05-17 13:30:58.512094-07,finalized(result=no),closed,0.55,0.2968,9.3,da14b8d4-305f-4cc7-8b90-7f174899fd1a
530,crypto_intel_prod,KXETH15M,yes,0.2400,0.0000,2,0,0,0.01,-0.48,-0.48,2026-05-17 13:22:39.14158-07,2026-05-17 13:30:59.040728-07,finalized(result=no),closed,0.48,0.3069,6.7,3404b816-3ddc-4c81-8382-164786d60bf8
531,crypto_intel_prod,KXSOL15M,yes,0.1200,0.0000,4,0,0,0.015,-0.48,-0.48,2026-05-17 13:22:39.509117-07,2026-05-17 13:30:59.567623-07,finalized(result=no),closed,0.4,0.1606,4.1,c0c29837-4941-406f-aab1-4c2f9348fcd6
537,crypto_intel_prod,KXDOGE15M,yes,0.1700,0.0000,2,0,0,0.0395,-0.34,-0.34,2026-05-17 13:56:31.114135-07,2026-05-17 14:06:49.589244-07,settled,closed,0.3,0.2024,3.2,b959c5c1-cbd6-4ec5-afda-fd3c1c84c6cc
538,crypto_intel_prod,,yes,0.2300,0.0000,2,0,0,,-0.46,-0.46,2026-05-17 13:56:31.545058-07,2026-05-17 14:06:49.618204-07,settled,closed,,,,c74f99d2-25e5-4f86-a786-211e0ddf0388
539,crypto_intel_prod,,no,0.2400,0.0000,4,0,0,,-0.96,-0.96,2026-05-17 13:56:31.558033-07,2026-05-17 14:06:49.642369-07,settled,closed,,,,df601830-7049-4ae2-8650-2333c94d69f2
544,crypto_intel_prod,KXBTC15M,no,0.6000,0.0000,1,0,0,0.005,-0.60,-0.60,2026-05-17 14:19:49.824455-07,2026-05-17 14:31:17.138366-07,finalized(result=yes),closed,0.55,0.2977,10.2,559c30a0-4547-48c0-9b1b-f555f9fb9640
545,crypto_intel_prod,KXETH15M,yes,0.2500,0.0000,2,0,0,0.015,-0.50,-0.50,2026-05-17 15:01:09.159944-07,2026-05-17 15:15:24.162176-07,finalized(result=no),closed,0.55,0.3519,10.2,b3773bc4-006b-4394-ac97-ec2a80d4140c
546,crypto_intel_prod,KXSOL15M,yes,0.2800,0.0000,1,0,0,0.015,-0.28,-0.28,2026-05-17 15:01:09.538712-07,2026-05-17 15:15:23.639178-07,finalized(result=no),closed,0.45,0.3855,10.6,53c6223e-58d1-4c77-bccf-aaf7d15fbd24
547,crypto_intel_prod,KXDOGE15M,yes,0.1700,0.0000,2,0,0,0.005,-0.34,-0.34,2026-05-17 15:23:24.756796-07,2026-05-17 15:30:08.412507-07,finalized(result=no),closed,0.3,0.2167,4.7,d52a96d7-238f-418f-8445-b1b9f1242ba8
549,crypto_intel_prod,KXETH15M,no,0.2900,0.0000,1,0,0,0.015,-0.29,-0.29,2026-05-17 15:33:37.514557-07,2026-05-17 15:45:21.337416-07,finalized(result=yes),closed,0.43,0.6495,6.0,446681c6-4a10-4faa-85b1-3fbcab37500d
550,crypto_intel_prod,KXXRP15M,no,0.1700,0.0000,5,0,0,0.015,-0.85,-0.85,2026-05-17 15:35:57.155942-07,2026-05-17 15:45:21.85857-07,finalized(result=yes),closed,0.35,0.7895,4.1,caae779b-e49e-4c98-8843-6d64754d2d3b
553,crypto_intel_prod,KXSOL15M,no,0.2800,0.0000,3,0,0,0.01,-0.84,-0.84,2026-05-17 15:38:39.594287-07,2026-05-17 15:45:22.384562-07,finalized(result=yes),closed,0.4,0.6756,4.4,2d3e437b-22e1-42a6-89c9-e942d02ea011
554,crypto_intel_prod,KXSOL15M,yes,0.3600,0.0000,1,0,0,0.02,-0.36,-0.36,2026-05-17 15:45:28.86958-07,2026-05-17 16:00:44.158901-07,finalized(result=no),closed,0.33,0.422,6.2,8bf3453e-d8c4-445b-a7e0-684c4aa8c388
555,crypto_intel_prod,KXETH15M,no,0.5100,1.0000,1,0,0,0.01,0.49,0.49,2026-05-17 16:00:50.910129-07,2026-05-17 16:16:04.010009-07,finalized(result=no),closed,0.5,0.3999,9.0,de8a0c17-67ab-4ded-b7ac-d9b51412a8d4
556,crypto_intel_prod,KXSOL15M,yes,0.3100,0.0000,1,0,0,0.005,-0.31,-0.31,2026-05-17 16:02:00.569845-07,2026-05-17 16:16:04.525285-07,finalized(result=no),closed,0.38,0.3755,6.6,0d1d5cf1-f3af-48e9-9a61-d7b71a78b6df
558,crypto_intel_prod,KXSOL15M,yes,0.1800,0.0000,1,0,0,0.02,-0.18,-0.18,2026-05-17 16:16:11.510078-07,2026-05-17 16:31:06.504845-07,finalized(result=no),closed,0.45,0.2769,9.7,6c078e12-b74b-4158-8553-5202ec432914
559,crypto_intel_prod,KXXRP15M,yes,0.1800,0.0000,2,0,0,0.01,-0.36,-0.36,2026-05-17 16:16:11.888134-07,2026-05-17 16:31:07.042272-07,finalized(result=no),closed,0.35,0.2241,4.4,e3e30022-f4af-472f-a932-0a598be148a8
560,crypto_intel_prod,KXDOGE15M,yes,0.2200,1.0000,2,0,0,0.03,1.56,1.56,2026-05-17 16:17:22.110244-07,2026-05-17 16:31:07.576753-07,finalized(result=yes),closed,0.25,0.2657,4.6,bc7ea042-49d9-42bd-8fe7-ba8e41e594e8
561,crypto_intel_prod,KXETH15M,no,0.2100,1.0000,4,0,0,0.015,3.16,3.16,2026-05-17 16:23:11.311596-07,2026-05-17 16:31:08.134125-07,finalized(result=no),closed,0.4,0.746,4.4,e457c5a9-ab4d-4788-99dc-83f24381d1ba
562,crypto_intel_prod,KXXRP15M,no,0.2800,1.0000,3,0,0,0.005,2.16,2.16,2026-05-17 16:34:40.372639-07,2026-05-17 16:45:21.844229-07,finalized(result=no),closed,0.43,0.6445,7.5,aa8fd14a-34e4-445d-a61e-f875ec960cc6
564,crypto_intel_prod,KXDOGE15M,no,0.3500,0.0000,2,0,0,0.05,-0.70,-0.70,2026-05-17 16:46:35.100442-07,2026-05-17 17:00:27.79335-07,finalized(result=yes),closed,0.17,0.5958,5.4,e316dccf-92ff-473b-9f97-09ab228bdf41
565,crypto_intel_prod,KXSOL15M,no,0.2700,0.0000,3,0,0,0.005,-0.81,-0.81,2026-05-17 16:48:52.613293-07,2026-05-17 17:00:28.315135-07,finalized(result=yes),closed,0.42,0.6192,11.1,9293f9da-1ae2-4946-8447-20b7bc32e501
567,crypto_intel_prod,KXBTC15M,no,0.3500,0.0000,2,0,0,0.005,-0.70,-0.70,2026-05-17 16:52:23.848149-07,2026-05-17 17:00:28.849737-07,finalized(result=yes),closed,0.48,0.59,6.0,7475da94-d4a9-41db-b2c4-c3684d62b228
568,crypto_intel_prod,KXSOL15M,yes,0.2500,0.0000,2,0,0,0.005,-0.50,-0.50,2026-05-17 17:01:45.726578-07,2026-05-17 17:16:16.325793-07,finalized(result=no),closed,0.38,0.3139,6.4,6ea5d892-2c9b-4c88-9ff0-d2ff6ec4c49f
569,crypto_intel_prod,KXETH15M,yes,0.3300,0.0000,1,0,0,0.01,-0.33,-0.33,2026-05-17 17:01:46.1039-07,2026-05-17 17:16:16.879283-07,finalized(result=no),closed,0.43,0.3855,5.5,4a7132c9-6027-453b-a689-793793dcc9dc
570,crypto_intel_prod,KXXRP15M,yes,0.2600,0.0000,1,0,0,0.01,-0.26,-0.26,2026-05-17 17:04:05.128233-07,2026-05-17 17:16:17.425873-07,finalized(result=no),closed,0.35,0.3097,5.0,5362c7e5-ac7d-41f8-9652-890c1297bd5c
571,crypto_intel_prod,KXETH15M,no,0.3100,1.0000,3,0,0,0.005,2.07,2.07,2026-05-17 17:17:34.315282-07,2026-05-17 17:30:13.061008-07,finalized(result=no),closed,0.48,0.6269,6.3,649fd6de-4f9f-4909-bdc0-a1196e0e0ade
573,crypto_intel_prod,KXSOL15M,no,0.3000,0.0000,3,0,0,0.005,-0.90,-0.90,2026-05-17 17:18:45.512661-07,2026-05-17 17:30:13.598128-07,finalized(result=yes),closed,0.43,0.6447,5.5,65c6c5ea-8fc3-427e-bbfe-1b25328a74ba
574,crypto_intel_prod,KXHYPE15M,no,0.2300,0.0000,4,0,0,0.025,-0.92,-0.92,2026-05-17 17:19:55.628185-07,2026-05-17 17:30:14.126365-07,finalized(result=yes),closed,0.25,0.73,4.0,c6a8a093-4d76-4b4e-a80a-cb8b99348baa
575,crypto_intel_prod,KXBTC15M,no,0.3000,0.0000,3,0,0,0.005,-0.90,-0.90,2026-05-17 17:22:17.47304-07,2026-05-17 17:30:14.66856-07,finalized(result=yes),closed,0.48,0.6468,5.3,066f8275-9f40-4a0b-9827-3098fb0c6754
576,crypto_intel_prod,KXBTC15M,yes,0.2900,0.0000,1,0,0,0.01,-0.29,-0.29,2026-05-17 17:34:03.502266-07,2026-05-17 17:45:36.667213-07,finalized(result=no),closed,0.4,0.3392,4.9,a7785c8f-f3ef-4252-b06d-8962cb6ef5d6
579,crypto_intel_prod,KXSOL15M,yes,0.2700,0.0000,1,0,0,0.005,-0.27,-0.27,2026-05-17 17:37:33.629062-07,2026-05-17 17:45:37.206479-07,finalized(result=no),closed,0.48,0.3313,6.1,97a4f9b9-546f-4e97-b203-98e93d4754a4
580,crypto_intel_prod,KXETH15M,yes,0.3500,0.0000,1,0,0,0.005,-0.35,-0.35,2026-05-17 17:37:34.008952-07,2026-05-17 17:45:36.138398-07,finalized(result=no),closed,0.48,0.4048,5.5,22c2a454-e472-42cc-a3c6-30403b81f517
582,crypto_intel_prod,KXBNB15M,yes,0.3300,0.0000,1,0,0,0.035,-0.33,-0.33,2026-05-17 18:03:16.100586-07,2026-05-17 18:15:09.970623-07,finalized(result=no),closed,0.25,0.3949,6.5,17c8171b-4ef5-4bee-9933-b597867b31cf
584,crypto_intel_prod,KXSOL15M,yes,0.2200,0.0000,2,0,0,0.005,-0.44,-0.44,2026-05-17 18:15:15.503144-07,2026-05-17 18:31:15.390401-07,finalized(result=no),closed,0.37,0.3071,8.7,831eb093-c538-4717-9141-7e6fa030f833
585,crypto_intel_prod,KXDOGE15M,yes,0.2200,0.0000,2,0,0,0.03,-0.44,-0.44,2026-05-17 18:24:30.917875-07,2026-05-17 18:30:09.867718-07,finalized(result=no),closed,0.38,0.2664,4.6,762b6785-f30f-491c-a431-b9d1fd8742eb
