scan_time,strategy_name,coin_name,action,side,entry_price,edge_cents,edge_ratio,confidence,market_prob,model_fair_yes,fair_yes,fair_no,volatility,spread,open_interest,ttl_minutes,strike_price,spot_price,trade_id,resolved_yes,result
2026-05-17 12:32:29.795301-07,crypto_intel_prod,HYPE,positive_ev_direction_agreement_signal,yes,0.3,8.5,0.285,0.4,28.000000000000004,0.42863944772932244,0.38539212575453835,0.6146078742454617,2.079067825071252,0.04,66.95,12.519421666666666,46.1291,46.045,,t,yes
2026-05-17 12:36:40.589865-07,crypto_intel_prod,HYPE,positive_ev_direction_agreement_signal,yes,0.24,6.2,0.257,0.25,20.5,0.3789142943455258,0.30166912743134716,0.6983308725686528,2.635715703596287,0.07,98.95,8.34118595,46.1291,45.98,,t,yes
2026-05-17 12:46:46.159783-07,crypto_intel_prod,ETH,positive_ev_direction_agreement_signal,yes,0.24,4.2,0.173,0.4,23.0,0.3000116724597613,0.2816172089943763,0.7183827910056237,0.23979946073885222,0.02,1294.52,13.289066216666667,2191.21,2189.825,,f,no
2026-05-17 12:47:53.781903-07,crypto_intel_prod,DOGE,positive_ev_direction_agreement_signal,no,0.21,6.5,0.312,0.38,79.5,0.6936171514476346,0.7245806576711105,0.27541934232888954,0.25619417164741015,0.01,36.62,12.125135966666667,0.110756,0.110825,,f,no
2026-05-17 12:49:03.410144-07,crypto_intel_prod,SOL,positive_ev_direction_agreement_signal,no,0.19,6.5,0.344,0.38,83.0,0.6994120653404008,0.744611776448267,0.25538822355173296,0.4098182346652448,0.04,433.22,11.014780616666666,86.635,86.72,,t,yes
2026-05-17 13:01:44.873386-07,crypto_intel_prod,DOGE,positive_ev_direction_agreement_signal,no,0.24,6.0,0.248,0.33,78.0,0.672080091011508,0.7004329720523298,0.2995670279476702,0.49168291389949986,0.04,44.13,13.289413466666668,0.110663,0.110785,,t,yes
2026-05-17 13:09:06.928857-07,crypto_intel_prod,SOL,positive_ev_direction_agreement_signal,yes,0.23,3.9,0.169,0.35,21.000000000000004,0.33601685543259985,0.2688641582769592,0.7311358417230408,0.392007183741822,0.04,2660.2,5.9212737833333335,86.7333,86.685,,f,no
2026-05-17 13:10:15.833697-07,crypto_intel_prod,SOL,positive_ev_direction_agreement_signal,yes,0.13,4.9,0.374,0.4,12.5,0.2510928348340866,0.1786176331135399,0.8213823668864602,0.38932760809988126,0.01,2674.36,4.778821983333333,86.7333,86.665,502,f,no
2026-05-17 13:18:04.208834-07,crypto_intel_prod,BTC,positive_ev_direction_agreement_signal,no,0.61,9.3,0.153,0.55,39.5,0.2525215345342715,0.29675819289380745,0.7032418071061926,0.12870232560439623,0.01,55096.8,11.986919733333334,78317.93,78285.85,525,f,no
2026-05-17 13:21:30.430463-07,crypto_intel_prod,DOGE,positive_ev_direction_agreement_signal,yes,0.14,5.9,0.419,0.38,11.000000000000002,0.2674060596379519,0.1986174196180834,0.8013825803819166,0.7267946592810437,0.06,386.43,8.535983850000001,0.110666,0.110465,527,f,no
2026-05-17 13:22:39.322261-07,crypto_intel_prod,ETH,positive_ev_direction_agreement_signal,yes,0.24,6.7,0.279,0.48,23.0,0.37749849961092136,0.30688828808623797,0.693111711913762,0.3571366837587319,0.02,2983.63,7.398595416666667,2188.75,2187.835,530,f,no
2026-05-17 13:22:39.692559-07,crypto_intel_prod,SOL,positive_ev_direction_agreement_signal,yes,0.12,4.1,0.339,0.4,10.5,0.21181690514703266,0.1606407816229904,0.8393592183770096,0.4269723007186837,0.03,1248.19,7.3881449833333335,86.716,86.605,531,f,no
2026-05-17 13:34:31.391967-07,crypto_intel_prod,BNB,positive_ev_direction_agreement_signal,no,0.25,5.5,0.221,0.33,79.0,0.63989501922707,0.6946498350950692,0.30535016490493083,0.22896887635539942,0.08,128.17,10.506087033333333,654.43,654.67,533,t,yes
2026-05-17 13:37:59.183994-07,crypto_intel_prod,XRP,positive_ev_direction_agreement_signal,no,0.28,6.2,0.222,0.38,74.0,0.5788046962100316,0.6579597633847518,0.3420402366152482,0.3869744831950241,0.04,467.6,7.062253566666667,1.418,1.4184,535,t,yes
2026-05-17 13:56:31.297374-07,crypto_intel_prod,DOGE,positive_ev_direction_agreement_signal,yes,0.17,3.2,0.191,0.3,13.05,0.3203003850031168,0.2024028301527416,0.7975971698472584,0.457142165813322,0.079,840.11,3.5136532666666667,0.110576,0.110515,537,f,no
2026-05-17 14:19:50.012631-07,crypto_intel_prod,BTC,positive_ev_direction_agreement_signal,no,0.6,10.2,0.17,0.55,40.5,0.2336456875476745,0.29770867869357076,0.7022913213064292,0.10965145510199603,0.01,78995.02,10.258289166666666,78267.61,78240.055,544,t,yes
2026-05-17 15:01:09.349085-07,crypto_intel_prod,ETH,positive_ev_direction_agreement_signal,yes,0.25,10.2,0.408,0.55,23.5,0.38890143534314364,0.3519035888717983,0.6480964111282017,0.45308936079403217,0.03,1107.76,13.8981922,2190.98,2189.54,545,f,no
2026-05-17 15:01:09.723781-07,crypto_intel_prod,SOL,positive_ev_direction_agreement_signal,yes,0.28,10.6,0.377,0.45,26.5,0.42379857734578363,0.38554802326925214,0.6144519767307479,0.5326455225960777,0.03,268.32,13.885236416666666,86.8807,86.835,546,f,no
2026-05-17 15:23:24.941461-07,crypto_intel_prod,DOGE,positive_ev_direction_agreement_signal,yes,0.17,4.7,0.275,0.3,16.5,0.26997249857296557,0.21669343212758285,0.7833065678724171,0.8802993233827326,0.01,136.13,6.612201333333333,0.110366,0.110155,547,f,no
2026-05-17 15:32:28.5073-07,crypto_intel_prod,ETH,positive_ev_direction_agreement_signal,no,0.17,6.5,0.383,0.43,83.5,0.7365653065356852,0.764936380608412,0.23506361939158804,0.44106914720797574,0.01,526.23,12.593937183333333,2179.71,2182.69,548,t,yes
2026-05-17 15:33:37.698775-07,crypto_intel_prod,ETH,positive_ev_direction_agreement_signal,no,0.29,6.0,0.208,0.43,72.5,0.6122777185448335,0.6495430175950474,0.3504569824049526,0.5221164760869113,0.03,566.65,11.438348083333333,2179.71,2181.225,549,t,yes
2026-05-17 15:35:57.340056-07,crypto_intel_prod,XRP,positive_ev_direction_agreement_signal,no,0.17,4.1,0.238,0.35,84.5,0.7498340172985526,0.7894721239390963,0.21052787606090373,0.6062231168236235,0.03,425.99,9.095031883333332,1.4109,1.4133,550,t,yes
2026-05-17 15:35:57.713025-07,crypto_intel_prod,SOL,positive_ev_direction_agreement_signal,no,0.16,3.8,0.236,0.35,85.0,0.7681495116354828,0.8022111312863867,0.19778886871361334,0.5906331234912916,0.02,694.39,9.105153633333334,86.0798,86.235,551,t,yes
2026-05-17 15:37:29.396343-07,crypto_intel_prod,BTC,positive_ev_direction_agreement_signal,yes,0.27,8.3,0.308,0.55,26.5,0.4320051338447054,0.3532878932730698,0.6467121067269301,0.5535788516859329,0.01,77642.76,7.599648216666667,77970.11,77942.005,552,t,yes
2026-05-17 15:38:39.778765-07,crypto_intel_prod,SOL,positive_ev_direction_agreement_signal,no,0.28,4.4,0.159,0.4,73.0,0.6177433360131516,0.6755644677972998,0.32443553220270016,0.7794336698617126,0.02,1120.02,6.40691655,86.0798,86.15,553,t,yes
2026-05-17 15:45:29.052477-07,crypto_intel_prod,SOL,positive_ev_direction_agreement_signal,yes,0.36,6.2,0.172,0.33,34.0,0.4447053261555311,0.42201744011966075,0.5779825598803392,0.6261296379989443,0.04,16.0,14.5450034,86.2645,86.225,554,f,no
2026-05-17 16:00:51.106497-07,crypto_intel_prod,ETH,positive_ev_direction_agreement_signal,no,0.51,9.0,0.177,0.5,50.0,0.370009375781008,0.3998649557235966,0.6001350442764034,0.36624549964162834,0.02,590.88,14.190685316666666,2178.11,2176.735,555,f,no
2026-05-17 16:02:00.756-07,crypto_intel_prod,SOL,positive_ev_direction_agreement_signal,yes,0.31,6.6,0.211,0.38,30.5,0.40176694992506257,0.37550135599700574,0.6244986440029943,0.508471505330116,0.01,170.44,13.051869433333334,86.1693,86.115,556,f,no
2026-05-17 16:16:11.308008-07,crypto_intel_prod,ETH,positive_ev_direction_agreement_signal,yes,0.13,11.3,0.868,0.55,12.5,0.2805018400519522,0.2428573389026399,0.7571426610973601,0.7016806806568112,0.01,1410.93,13.85225565,2172.59,2168.045,557,f,no
2026-05-17 16:16:11.7003-07,crypto_intel_prod,SOL,positive_ev_direction_agreement_signal,yes,0.18,9.7,0.538,0.45,16.0,0.3142815741705647,0.27685874735034316,0.7231412526496568,1.0204565687555398,0.04,413.36,13.839221783333333,86.0527,85.835,558,f,no
2026-05-17 16:16:12.07475-07,crypto_intel_prod,XRP,positive_ev_direction_agreement_signal,yes,0.18,4.4,0.245,0.35,17.0,0.24139612764623702,0.22405067069015344,0.7759493293098465,0.8984282280361795,0.02,571.98,13.828725083333334,1.4091,1.40455,559,f,no
2026-05-17 16:17:22.293601-07,crypto_intel_prod,DOGE,positive_ev_direction_agreement_signal,yes,0.22,4.6,0.208,0.25,19.0,0.29588495214805943,0.2656664482369411,0.7343335517630589,1.5795680616091108,0.06,215.43,12.671182483333332,0.109143,0.10869,560,t,yes
2026-05-17 16:23:11.498141-07,crypto_intel_prod,ETH,positive_ev_direction_agreement_signal,no,0.21,4.4,0.209,0.4,80.5,0.6875047419858863,0.7460385328479495,0.2539614671520505,0.7562655880012539,0.03,7216.58,6.867817433333333,2172.59,2175.495,561,f,no
2026-05-17 16:34:40.566145-07,crypto_intel_prod,XRP,positive_ev_direction_agreement_signal,no,0.28,7.5,0.27,0.43,72.5,0.5973297791891266,0.6445000734787799,0.3554999265212201,0.9090860592024692,0.01,322.52,10.37809565,1.4056,1.407,562,f,no
2026-05-17 16:37:00.653182-07,crypto_intel_prod,SOL,positive_ev_direction_agreement_signal,yes,0.24,4.6,0.193,0.35,23.5,0.32885442182966546,0.28620335743957476,0.7137966425604252,0.625466268858045,0.01,351.38,8.060767683333333,85.738,85.645,563,f,no
2026-05-17 16:46:35.285277-07,crypto_intel_prod,DOGE,positive_ev_direction_agreement_signal,no,0.35,5.4,0.155,0.17,70.0,0.5597072667543219,0.5957765381909546,0.40422346180904545,4.101685916859298,0.1,54.7,13.442725383333334,0.107335,0.10767,564,t,yes
2026-05-17 16:48:52.799629-07,crypto_intel_prod,SOL,positive_ev_direction_agreement_signal,no,0.27,11.1,0.41,0.42,73.5,0.5596089299391425,0.619191292559166,0.38080870744083395,3.208586578662015,0.01,569.37,11.189686499999999,84.4423,84.63,565,t,yes
2026-05-17 16:51:12.324701-07,crypto_intel_prod,HYPE,positive_ev_direction_agreement_signal,yes,0.25,6.1,0.244,0.41,23.0,0.3710937289708126,0.31088093799072053,0.6891190620092795,3.2703165874068474,0.04,121.5,8.81570765,45.2439,45.045,566,t,yes
2026-05-17 16:52:24.03771-07,crypto_intel_prod,BTC,positive_ev_direction_agreement_signal,no,0.35,6.0,0.171,0.48,65.5,0.5327625609393177,0.5900061323405519,0.4099938676594481,1.8872331158734448,0.01,84103.47,7.682776649999999,77191.64,77237.445,567,t,yes
2026-05-17 17:01:45.916506-07,crypto_intel_prod,SOL,positive_ev_direction_agreement_signal,yes,0.25,6.4,0.255,0.38,24.5,0.33833911708928033,0.3138730414273202,0.6861269585726798,1.4263433380845731,0.01,201.83,13.3058105,85.1695,84.915,568,f,no
2026-05-17 17:01:46.290342-07,crypto_intel_prod,ETH,positive_ev_direction_agreement_signal,yes,0.33,5.5,0.168,0.43,32.0,0.40871741180943866,0.3854967866510288,0.6145032133489712,2.187150647239033,0.02,737.04,13.316264883333334,2129.53,2124.125,569,f,no
2026-05-17 17:04:05.311463-07,crypto_intel_prod,XRP,positive_ev_direction_agreement_signal,yes,0.26,5.0,0.191,0.35,25.0,0.3414959457211813,0.3096544140748916,0.6903455859251084,1.244837607871816,0.02,395.11,10.963355416666667,1.4014,1.39815,570,f,no
2026-05-17 17:17:34.502488-07,crypto_intel_prod,ETH,positive_ev_direction_agreement_signal,no,0.31,6.3,0.204,0.48,69.5,0.5987314020470909,0.6268628966357364,0.37313710336426364,2.2113131895335676,0.01,1069.02,12.4849417,2117.69,2123.405,571,f,no
2026-05-17 17:18:45.314778-07,crypto_intel_prod,BTC,positive_ev_direction_agreement_signal,no,0.26,5.5,0.212,0.48,74.5,0.6547534972111542,0.6848750955751605,0.31512490442483954,0.8692996118284229,0.01,49951.23,11.351720283333332,77111.85,77235.995,572,t,yes
2026-05-17 17:18:45.696757-07,crypto_intel_prod,SOL,positive_ev_direction_agreement_signal,no,0.3,5.5,0.184,0.43,70.5,0.6142999649572124,0.6446576468199581,0.3553423531800419,1.4662474889359016,0.01,411.49,11.326249333333333,84.7672,84.935,573,t,yes
2026-05-17 17:19:55.814936-07,crypto_intel_prod,HYPE,positive_ev_direction_agreement_signal,no,0.23,4.0,0.174,0.25,79.5,0.6901283668068916,0.7299862470486382,0.27001375295136176,2.724527729948467,0.05,218.45,10.0891772,45.9868,46.26,574,t,yes
2026-05-17 17:22:17.653787-07,crypto_intel_prod,BTC,positive_ev_direction_agreement_signal,no,0.3,5.3,0.177,0.48,70.5,0.5964086392545946,0.6468250589690514,0.3531749410309486,0.8693694895899621,0.01,76916.27,7.792458383333334,77111.85,77174.875,575,t,yes
2026-05-17 17:34:03.696383-07,crypto_intel_prod,BTC,positive_ev_direction_agreement_signal,yes,0.29,4.9,0.17,0.4,28.000000000000004,0.370487466761178,0.3391793405864422,0.6608206594135577,0.8720018660585772,0.02,54841.87,11.018343766666668,77120.53,77018.815,576,f,no
2026-05-17 17:35:13.938649-07,crypto_intel_prod,ETH,positive_ev_direction_agreement_signal,yes,0.26,10.6,0.407,0.55,25.5,0.43647218202677335,0.365860492162324,0.6341395078376759,2.211165990133975,0.01,3709.93,9.84259745,2112.44,2109.21,577,f,no
2026-05-17 17:35:14.35476-07,crypto_intel_prod,SOL,positive_ev_direction_agreement_signal,yes,0.35,6.9,0.196,0.43,34.5,0.4658265114392315,0.41875785523723913,0.5812421447627609,1.4808517422747156,0.01,688.87,9.8302991,85.0467,85.0,578,f,no
2026-05-17 17:37:33.817434-07,crypto_intel_prod,SOL,positive_ev_direction_agreement_signal,yes,0.27,6.1,0.227,0.48,26.5,0.3913151603443217,0.33134011125447727,0.6686598887455227,1.4865079922986646,0.01,1828.97,7.505322633333334,85.0467,84.915,579,f,no
2026-05-17 17:37:34.197529-07,crypto_intel_prod,ETH,positive_ev_direction_agreement_signal,yes,0.35,5.5,0.157,0.48,34.5,0.45882549957951957,0.4048236370892233,0.5951763629107767,2.216706829543196,0.01,3836.87,7.5156339333333335,2112.44,2110.61,580,f,no
2026-05-17 17:55:25.00761-07,crypto_intel_prod,ETH,positive_ev_direction_agreement_signal,yes,0.26,5.1,0.197,0.48,25.5,0.3888586319733004,0.31132707459465914,0.6886729254053409,0.9312373557575339,0.01,5709.65,4.658051883333333,2109.19,2107.54,581,t,yes
2026-05-17 18:03:16.295093-07,crypto_intel_prod,BNB,positive_ev_direction_agreement_signal,yes,0.33,6.5,0.197,0.25,29.500000000000004,0.44169623583159345,0.3949373584810662,0.6050626415189337,0.658657248998823,0.07,13.72,11.761465483333334,645.68,645.385,582,f,no
2026-05-17 18:08:28.365757-07,crypto_intel_prod,SOL,positive_ev_direction_agreement_signal,yes,0.26,4.7,0.181,0.35,25.5,0.3607816681630683,0.3070015207449858,0.6929984792550141,0.6671094581098352,0.01,530.64,6.5888982333333335,85.2167,85.145,583,t,yes
2026-05-17 18:15:15.695448-07,crypto_intel_prod,SOL,positive_ev_direction_agreement_signal,yes,0.22,8.7,0.396,0.37,21.5,0.3313589611950819,0.3070569412649788,0.6929430587350212,0.611895567576427,0.01,127.13,14.758530683333333,85.2655,85.145,584,f,no
2026-05-17 18:24:31.114648-07,crypto_intel_prod,DOGE,positive_ev_direction_agreement_signal,yes,0.22,4.6,0.211,0.38,19.0,0.35890047439843975,0.26644026858800696,0.733559731411993,1.2993652321609923,0.06,956.62,5.52479475,0.106487,0.106325,585,f,no
